token,source,add_date,word_start,word_end
764,auerbach,4/12/25,1,1
988,auerbach,5/5/25,1,1
741741,auerbach,1/24/25,1,1
13 reason,hoyniak_lexicon,4/12/25,,
13reason,hoyniak_lexicon,4/12/25,,
13th reason,hoyniak_lexicon,4/12/25,,
13threason,hoyniak_lexicon,4/12/25,,
3nd 1t 4ll,auerbach,4/12/25,,
3nd it all,auerbach,4/12/25,,
3nd1t@ll,auerbach,4/12/25,,
5u1c1,auerbach,4/12/25,,
5u1ci,auerbach,4/12/25,,
5uic,auerbach,4/12/25,,
5uic1de,auerbach,4/12/25,,
aborted attempt,reddit,4/15/25,,
about death,auerbach,1/24/25,,
about dying,auerbach,1/24/25,,
about to jump,auerbach,4/12/25,,
access to a gun,reddit,4/21/25,,
afraid of death,auerbach,4/15/25,,
afraid of dying,auerbach,4/15/25,,
afraid to die,auerbach,4/15/25,,
all my pain,reddit,4/21/25,,
all the pain,reddit,4/21/25,,
all this pain,reddit,5/5/25,,
an hero ,hoyniak_lexicon,4/12/25,,
an-hero,hoyniak_lexicon,4/12/25,,
anhero,hoyniak_lexicon,4/12/25,,
asphyxiat,auerbach,4/12/25,,
attempt s,auerbach,5/20/25,,
back to cutting,ali_2024,1/24/25,,
banzai,auerbach,4/12/25,,
be d e a d ,auerbach,4/12/25,,
be d3ad,auerbach,4/12/25,,
be dead,auerbach,1/24/25,1,
be ded,auerbach,1/24/25,1,1
be fucking alive,reddit,5/5/25,1,
be fucking dead,reddit,5/5/25,1,
be fucking gone,reddit,5/5/25,1,
be gone,auerbach,1/24/25,1,
being dead ,auerbach,1/24/25,,
being ded,auerbach,1/24/25,1,1
being gone,auerbach,4/12/25,,
belong here,reddit,4/30/25,,
belong in life,reddit,4/30/25,,
belong in the world,reddit,4/30/25,,
belong in this life,reddit,4/30/25,,
bergenfield special,hoyniak_lexicon,4/12/25,,
better dead,hoyniak_lexicon,4/12/25,,
better ded,hoyniak_lexicon,4/12/25,,1
better gone,hoyniak_lexicon,4/12/25,,
better off dead,auerbach,1/24/25,,
better off ded,hoyniak_lexicon,4/12/25,,1
better off gone,auerbach,1/24/25,,
better off without me,hoyniak_lexicon,4/12/25,,
better without me,hoyniak_lexicon,4/12/25,,
bleed out,swaminathan_2023,5/11/25,,
blew herself up,auerbach,4/12/25,,
blew himself up,auerbach,4/12/25,,
blew myself up,auerbach,4/12/25,,
blew ourselves up,auerbach,4/12/25,,
blew themselves up,auerbach,4/12/25,,
blew urself up,auerbach,4/12/25,,
blew yourself up,auerbach,4/12/25,,
blow her brain,hoyniak_lexicon,4/12/25,,
blow herself up,auerbach,4/12/25,,
blow himself up,auerbach,4/12/25,,
blow his brain,hoyniak_lexicon,4/12/25,,
blow my brain,hoyniak_lexicon,4/12/25,,
blow myself up,auerbach,4/12/25,,
blow their brain,hoyniak_lexicon,4/12/25,,
blow themselves up,auerbach,4/12/25,,
blow ur brain,hoyniak_lexicon,4/12/25,,
blow urself up,auerbach,4/12/25,,
blow your brain,hoyniak_lexicon,4/12/25,,
blowing herself up,auerbach,4/12/25,,
blowing himself up,auerbach,4/12/25,,
blowing my brain,hoyniak_lexicon,4/12/25,,
blowing myself up,auerbach,4/12/25,,
blowing themselves up,auerbach,4/12/25,,
blowing yourself up,auerbach,4/12/25,,
blown my brain,hoyniak_lexicon,4/12/25,,
blue whale challenge,auerbach,4/12/25,,
bought a gun,auerbach,4/12/25,,
burn mys,auerbach,4/12/25,,
burned mys,auerbach,4/12/25,,
burning mys,auerbach,4/12/25,,
buy a gun,auerbach,1/24/25,,
buy a rope,low_2024,4/12/25,1,1
buy guns,auerbach,4/12/25,,
buying a gun,auerbach,4/12/25,,
buying a rope ,low_2024,4/12/25,1,1
buying guns,auerbach,4/12/25,,
c u t,ali_2024,1/24/25,,
can die by,auerbach,4/12/25,,
can die from,auerbach,4/12/25,,
can die if,auerbach,4/12/25,,
can I just like die,ali_2024,1/24/25,,
can it kill you to,auerbach,4/12/25,,
can just die from ,auerbach,4/12/25,,
can u die by,auerbach,4/12/25,,
can u die from,auerbach,4/12/25,,
can u die if,auerbach,4/12/25,,
can you die by,auerbach,4/12/25,,
can you die from,auerbach,4/12/25,,
can you die if,auerbach,4/12/25,,
can't live like this,reddit,4/21/25,,
can't live with this,reddit,4/21/25,,
cannot live with this,reddit,4/21/25,,
cannot take any more of this,reddit,4/21/25,,
cannot take anymore of this,reddit,4/21/25,,
cannot take it any more,reddit,5/5/25,,
cannot take it anymore,reddit,5/5/25,,
cannot take this any more,reddit,4/15/25,,
cannot take this anymore,reddit,4/15/25,,
cant live like this,reddit,4/21/25,,
cant live like this,reddit,4/21/25,,
cant live with this,reddit,4/21/25,,
cant take any more of this,reddit,4/21/25,,
cant take anymore of this,reddit,4/21/25,,
cant take it any more,reddit,5/5/25,,
cant take it anymore,reddit,5/5/25,,
cant take this any more,reddit,4/15/25,,
cant take this anymore,reddit,4/15/25,,
cease to exist,low_2024,4/12/25,,
check out for good,auerbach,4/12/25,,
check out forever,auerbach,4/12/25,,
checking out for good,auerbach,4/12/25,,
checking out forever,auerbach,4/12/25,,
choke herself,auerbach,4/12/25,,
choke himself,auerbach,4/12/25,,
choke me,auerbach,4/12/25,,
choke mys,auerbach,4/12/25,,
choke themselves,auerbach,4/12/25,,
choke urs,ali_2024,1/24/25,,
choke yours,ali_2024,1/24/25,,
choked mys,auerbach,4/12/25,,
choking herself,auerbach,4/12/25,,
choking himself,auerbach,4/12/25,,
choking mys,auerbach,4/12/25,,
choking themselves,auerbach,4/12/25,,
choose death,auerbach,1/24/25,,
choose life,reddit,4/21/25,,
choose to die,auerbach,4/12/25,,
choosing life,reddit,4/21/25,,
choosing to die,auerbach,4/12/25,,
chose death,auerbach,1/24/25,,
chose life,reddit,4/21/25,,
chose to die,auerbach,4/12/25,,
chosen death,auerbach,1/24/25,,
cleopatra death,auerbach,4/12/25,,
clock out for good,auerbach,4/12/25,,
clock out forever,auerbach,4/12/25,,
clocking out for good,auerbach,4/12/25,,
clocking out forever,auerbach,4/12/25,,
close to ending it,reddit,4/21/25,,
close to jumping,auerbach,4/12/25,,
commit s,auerbach,4/12/25,,
complete attempt,hoyniak_lexicon,4/12/25,,
completed attempt,hoyniak_lexicon,4/12/25,,
considering sue,auerbach,5/20/25,,
cord around my neck,hoyniak_lexicon,4/12/25,,
crack my head open,reddit,4/30/25,,
crack my skull open,reddit,4/30/25,,
crack open my head,reddit,4/30/25,,
crack open my skull,reddit,4/30/25,,
crisis hot line,reddit,4/30/25,,
crisis hotline,reddit,4/30/25,,
crisis line,reddit,4/30/25,,
cry for help,moon_2021,5/5/25,,
crying for help,moon_2021,5/5/25,,
cut mys,auerbach,4/12/25,,
cut urs,auerbach,4/12/25,,
cut yourself,ali_2024,1/24/25,,
cutting mys,auerbach,4/12/25,,
cutting urs,auerbach,4/12/25,,
cvlt,auerbach,4/12/25,,
Dear Trevor,auerbach,5/5/25,,
death day,reddit,4/21/25,,
death wish,low_2024,4/12/25,,
decide to jump,auerbach,4/12/25,,
delete life,hoyniak_lexicon,4/12/25,,
delete my life,hoyniak_lexicon,4/12/25,,
delete mys,hoyniak_lexicon,4/12/25,,
delete urself,hoyniak_lexicon,4/12/25,,
delete yourself,hoyniak_lexicon,4/12/25,,
deleting mys,hoyniak_lexicon,4/12/25,,
deleting urself,hoyniak_lexicon,4/12/25,,
deleting yourself,hoyniak_lexicon,4/12/25,,
deserve to be alive,reddit,5/5/25,,
deserve to live,reddit,5/5/25,,
deserve to stay alive,reddit,5/5/25,,
destroy my life,auerbach,4/12/25,,
destroy my own life,auerbach,4/12/25,,
destroy mys,auerbach,4/12/25,,
destroy oursel,auerbach,4/12/25,,
destroy ursel,auerbach,4/12/25,,
destroy yoursel,auerbach,4/12/25,,
destroying oursel,auerbach,4/12/25,,
destroying ursel,auerbach,4/12/25,,
destroying yoursel,auerbach,4/12/25,,
destryoing mys,auerbach,4/12/25,,
desvivir,auerbach,1/24/25,,
did not ask to be born,reddit,5/5/25,,
die fucking today,reddit,5/5/25,,
die fucking tonight,reddit,5/5/25,,
disappear into the void,auerbach,4/12/25,,
disappearing into the void,auerbach,4/12/25,,
ditch life,hoyniak_lexicon,4/12/25,,
do anything but die,reddit,5/5/25,,
do anything except die,reddit,5/5/25,,
do anything other than die,reddit,5/5/25,,
do myself in,hoyniak_lexicon,4/12/25,,
do not jump,auerbach,4/12/25,,
do not wanna be alive,hoyniak_lexicon,4/12/25,,
do not wanna exist,reddit,5/5/25,1,
do not wanna live,auerbach,4/12/25,,
do not want to exist,reddit,5/5/25,1,
do the dutch,hoyniak_lexicon,4/12/25,,
do this anymore,auerbach,1/24/25,,
do urself in,hoyniak_lexicon,4/12/25,,
do yourself in,hoyniak_lexicon,4/12/25,,
does it kill u to,auerbach,4/12/25,,
does it kill you to,auerbach,4/12/25,,
don't jump,auerbach,4/12/25,,
don't wanna be alive,hoyniak_lexicon,4/12/25,,
don't wanna exist,reddit,5/5/25,1,
don't wanna live,auerbach,4/12/25,,
don’t care about life,low_2024,4/12/25,,
don’t want to exist,reddit,5/5/25,1,
don’t want to go on,low_2024,4/12/25,,
done with being alive,hoyniak_lexicon,4/12/25,,
done with life,hoyniak_lexicon,4/12/25,,
done with liv,hoyniak_lexicon,4/12/25,,
done with my life,hoyniak_lexicon,4/12/25,,
done with this life,hoyniak_lexicon,4/12/25,,
dreams of death,auerbach,4/12/25,,
dreams of dying,auerbach,4/12/25,,
drink myself to death,low_2024,4/12/25,,
drinking myself to death,low_2024,4/12/25,,
drive me over the edge,reddit,4/21/25,,
drive my car off,hoyniak_lexicon,4/12/25,,
drive off a,hoyniak_lexicon,4/12/25,,
driving me over the edge,reddit,4/21/25,,
drown hersel,reddit,4/21/25,,
drown himsel,reddit,4/21/25,,
drown mys,reddit,4/21/25,,
drown urs,reddit,4/21/25,,
drown yours,reddit,4/21/25,,
drowned hersel,reddit,4/21/25,,
drowned himsel,reddit,4/21/25,,
drowned mys,reddit,4/21/25,,
drowned urs,reddit,4/21/25,,
drowned yours,reddit,4/21/25,,
easy death,reddit,5/5/25,,
eat a bullet,hoyniak_lexicon,4/12/25,,
eat a gun,hoyniak_lexicon,4/12/25,,
eat lead,auerbach,4/12/25,1,
edicius,hoyniak_lexicon,4/12/25,,
electrocut,hoyniak_lexicon,4/12/25,,
end all my problems permanently,reddit,4/21/25,,
end her life,auerbach,4/12/25,,
end her own life,auerbach,4/12/25,,
end his life,auerbach,4/12/25,,
end his own life,auerbach,4/12/25,,
end it all,low_2024,1/24/25,1,
end it tonight,swaminathan_2023,5/11/25,,
end life,auerbach,1/24/25,,
end my life,auerbach,1/24/25,,
end my own life,auerbach,4/12/25,,
end my pain,auerbach,4/12/25,,
end my suffering,reddit,4/21/25,,
end our lives,auerbach,4/12/25,,
end our own lives,auerbach,4/12/25,,
end the pain,auerbach,4/12/25,,
end their lives,auerbach,4/12/25,,
end their own lives,auerbach,4/12/25,,
end tonight,swaminathan_2023,5/11/25,,
end ur life,auerbach,4/12/25,,
end ur own life,auerbach,4/12/25,,
end ur pain,auerbach,4/12/25,,
end your life,auerbach,4/12/25,,
end your own life,auerbach,4/12/25,,
end your pain,auerbach,4/12/25,,
ended her life,auerbach,1/24/25,,
ended her own life,auerbach,4/12/25,,
ended his life,auerbach,1/24/25,,
ended his own life,auerbach,4/12/25,,
ended my life,reddit,4/15/25,,
ended my own life,auerbach,4/12/25,,
ended our own lives,auerbach,4/12/25,,
ended their liv,auerbach,1/24/25,,
ended their own lives,auerbach,4/12/25,,
ended ur own life,auerbach,4/12/25,,
ended your own life,auerbach,4/12/25,,
ending all my pain,reddit,4/21/25,,
ending her own life,auerbach,4/12/25,,
ending his own life,auerbach,4/12/25,,
ending it all,auerbach,1/24/25,,
ending life,auerbach,1/24/25,,
ending my fucking life,reddit,5/5/25,,
ending my life,auerbach,1/24/25,,
ending my own life,auerbach,4/12/25,,
ending my pain,auerbach,1/24/25,,
ending my suffering,reddit,4/21/25,,
ending the pain,auerbach,1/24/25,,
ending their own lives,auerbach,4/12/25,,
ending ur own life,auerbach,4/12/25,,
ending ur pain,auerbach,1/24/25,,
ending your own life,auerbach,4/12/25,,
ending your pain,auerbach,1/24/25,,
ends tonight,swaminathan_2023,5/11/25,,
enough pills,reddit,4/21/25,,
escape from life,low_2024,4/12/25,,
escape from reality,low_2024,4/12/25,,
escape life,auerbach,4/15/25,,
eternal sleep,low_2024,4/12/25,1,
euthanasia,hoyniak_lexicon,4/12/25,,
euthani,reddit,4/15/25,,
exit bag,reddit,4/21/25,,
exit international,kerry_keyes,1/20/25,,
exit plan,hoyniak_lexicon,4/12/25,,
fall on my sword,hoyniak_lexicon,4/12/25,,
fall on ones sword,hoyniak_lexicon,4/12/25,,
fall on ur sword,hoyniak_lexicon,4/12/25,,
fall on your sword,hoyniak_lexicon,4/12/25,,
falling on my sword,hoyniak_lexicon,4/12/25,,
falls on sword,hoyniak_lexicon,4/12/25,,
fast death,reddit,5/5/25,,
fear of death,auerbach,4/15/25,,
fear of dying,auerbach,4/15/25,,
feel like death,auerbach,4/12/25,,
feel like dying,auerbach,4/12/25,,
feel like ending it,reddit,4/21/25,,
feel like sue,auerbach,5/20/25,,
feel sue,auerbach,4/12/25,,1
feeling like death,auerbach,4/12/25,,
feeling like dying,auerbach,4/12/25,,
feeling like ending it,reddit,4/21/25,,
feeling like sue,auerbach,5/20/25,,
feeling sue,auerbach,5/20/25,,
felt like death,auerbach,4/12/25,,
felt like dying,auerbach,4/12/25,,
final exit,kerry_keyes,1/20/25,,
finished my shampoo and conditioner,auerbach,1/24/25,,
finna die,auerbach,4/12/25,,
finna disappear,auerbach,4/12/25,,
finna end it,reddit,4/21/25,,
finna explode,auerbach,4/12/25,,
finna fucking die,reddit,5/5/25,,
finna jump,auerbach,4/12/25,,
finna just die,auerbach,4/12/25,,
finna leave this world,reddit,4/21/25,,
finna OD,auerbach,4/12/25,,1
finna overdose,auerbach,4/12/25,,
finna sleep forever,auerbach,4/12/25,,
finna yeet mys,auerbach,4/12/25,,
fixation on death,reddit,4/30/25,,
fixation with death,reddit,4/30/25,,
fixing to die,auerbach,4/12/25,,
forced to exist,low_2024,4/12/25,1,
fucking bridge,reddit,5/5/25,,
fucking choke,reddit,5/5/25,,
fucking cliff,reddit,5/5/25,,
fucking die today,reddit,5/5/25,,
fucking die tonight,reddit,5/5/25,,
fucking disappear,reddit,5/5/25,,
fucking dissappear,reddit,5/5/25,,
fucking end it,reddit,5/5/25,,1
fucking OD,reddit,5/5/25,,1
fucking take this any longer,reddit,5/5/25,,
fucking take this any more,reddit,5/5/25,,
fucking take this anymore,reddit,5/5/25,,
get nothing out of life,reddit,5/5/25,,
give away my possessions,low_2024,4/12/25,,
give myself cancer,moon_2021,5/5/25,,
giving away my possessions,low_2024,4/12/25,,
giving myself cancer,moon_2021,5/5/25,,
go choke,ali_2024,1/24/25,,
go die,ali_2024,1/24/25,,
go on any further,auerbach,4/15/25,,
go on any longer,auerbach,4/15/25,,
go on anymore,auerbach,4/15/25,,
go through with it,reddit,4/15/25,,
going to end it,reddit,4/21/25,,
going to OD,auerbach,4/12/25,,1
going to overdose,hoyniak_lexicon,4/12/25,,
going to see my 20,reddit,5/5/25,,
going to see my twent,reddit,5/5/25,,
gonna die,auerbach,1/24/25,,
gonna end it,reddit,4/21/25,,
gonna jump,auerbach,4/12/25,,
gonna OD,hoyniak_lexicon,4/12/25,,1
gonna overdose,auerbach,1/24/25,,
goodbye letter,auerbach,4/12/25,,
goodbye note,auerbach,4/12/25,,
goodbye post,auerbach,4/12/25,,
goodbye text,auerbach,4/12/25,,
gun at my,auerbach,4/12/25,,
gun at mys,auerbach,4/12/25,,
gun pointed at mys,auerbach,4/12/25,,
gun to head,auerbach,4/12/25,,
gun to her,auerbach,4/12/25,,
gun to his,auerbach,4/12/25,,
gun to my ,auerbach,4/12/25,,
gun to their,auerbach,4/12/25,,
gun to your,auerbach,4/12/25,,
gun up to head,auerbach,4/12/25,,
h@ng mys,auerbach,4/12/25,,
h4ng mys,auerbach,4/12/25,,
had pasta tonight,auerbach,1/24/25,,
hang herself,auerbach,4/12/25,,
hang himself,auerbach,4/12/25,,
hang mtself,auerbach,4/12/25,,
hang my fucking self,reddit,5/5/25,,
hang mys,auerbach,4/12/25,,
hang oursel,auerbach,4/12/25,,
hang themsel,auerbach,4/12/25,,
hang urs,auerbach,4/12/25,,
hang yours,auerbach,4/12/25,,
hanged herself,auerbach,4/12/25,,
hanged himself,auerbach,4/12/25,,
hanged mtself,auerbach,4/12/25,,
hanged mys,auerbach,4/12/25,,
hanged oursel,auerbach,4/12/25,,
hanged themsel,auerbach,4/12/25,,
hanged ursel,auerbach,4/12/25,,
hanged yoursel,auerbach,4/12/25,,
hanging herself,auerbach,4/12/25,,
hanging himself,auerbach,4/12/25,,
hanging mtself,auerbach,4/12/25,,
hanging mys,auerbach,4/12/25,,
hanging oursel,auerbach,4/12/25,,
hanging thems,auerbach,4/12/25,,
hanging urs,auerbach,4/12/25,,
hanging yours,auerbach,4/12/25,,
hangs mys,auerbach,4/12/25,,
hangs self,auerbach,4/12/25,,
harm hersel,reddit,4/21/25,1,
harm himsel,reddit,4/21/25,1,
harm mys,reddit,4/21/25,1,
harm nation,auerbach,4/12/25,,
harm ours,reddit,4/21/25,1,
harm themsel,reddit,4/21/25,1,
harm urs,reddit,4/21/25,1,
harm yours,reddit,4/21/25,1,
harming hersel,reddit,4/21/25,1,
harming himsel,reddit,4/21/25,1,
harming mys,reddit,4/21/25,1,
harming ours,reddit,4/21/25,1,
harming themsel,reddit,4/21/25,1,
harming urs,reddit,4/21/25,1,
harming yours,reddit,4/21/25,1,
hate being alive,auerbach,4/12/25,,
hate life,auerbach,4/12/25,,
hate my life,auerbach,4/12/25,,
havent ended it already,reddit,5/5/25,,
heavens gate,auerbach,4/12/25,,
her head off,auerbach,4/12/25,,
his head off,auerbach,4/12/25,,
hit by a subway,auerbach,4/12/25,,
hit by a train,hoyniak_lexicon,4/12/25,,
hit by the subway,auerbach,4/12/25,,
hit by the train,hoyniak_lexicon,4/12/25,,
hold on to life,reddit,4/30/25,,
hold on to living,reddit,4/30/25,,
hold on to my life,reddit,4/30/25,,
hope for death,reddit,5/5/25,,
hope to die,reddit,5/5/25,,
hope to fucking die,reddit,5/5/25,,
hoping I don't wake up,low_2024,4/12/25,,
hoping not to wake up,low_2024,4/12/25,,
hoping to die,reddit,5/5/25,,
hoping to fucking die,reddit,5/5/25,,
how much longer I can,reddit,4/30/25,,
how much longer I want to ,reddit,4/30/25,,
how much more I can take it,reddit,4/21/25,,
hung herself,auerbach,4/12/25,,
hung himself,auerbach,4/12/25,,
hung mtself,auerbach,4/12/25,,
hung mys,auerbach,4/12/25,,
hung oursel,auerbach,4/12/25,,
hung themsel,auerbach,4/12/25,,
hung yoursel,auerbach,4/12/25,,
hurt myself,reddit,4/15/25,,
hurting herself,reddit,4/15/25,,
hurting himself,reddit,4/15/25,,
hurting myself,reddit,4/15/25,,
hurting urself,reddit,4/15/25,,
hurting yourself,reddit,4/15/25,,
I almost died,auerbach,4/12/25,,
I am dead,auerbach,1/24/25,,
I am ded,auerbach,1/24/25,,1
I am done with everything,auerbach,4/12/25,,
I am going to disappear,auerbach,4/12/25,,
I am gonna jump,auerbach,4/12/25,,
I am not safe,auerbach,4/12/25,,
I am safe,auerbach,4/12/25,,
I am still alive,auerbach,4/12/25,,
I can just die,reddit,4/15/25,,
i could just die,reddit,4/15/25,,
I did not die,auerbach,4/12/25,,
I didn't die,auerbach,4/12/25,,
I die,auerbach,1/24/25,,
I don't die,auerbach,4/12/25,,
I due,auerbach,4/12/25,1,1
I fie,auerbach,4/12/25,,
i fucking die,reddit,5/5/25,,
i had died,reddit,4/21/25,,
i had never been born,reddit,5/5/25,,
I had not been born,reddit,5/11/25,,
I hadnt been born,reddit,5/11/25,,
I hate being alive,auerbach,4/12/25,,
I jus wan km,auerbach,4/12/25,1,
i just die,reddit,5/5/25,,
I just wan km,auerbach,4/12/25,1,
I just wannt disappear,reddit,5/5/25,,
I might die,reddit,4/21/25,,
I need to disappear,hoyniak_lexicon,4/12/25,,
I should die,low_2024,4/12/25,,
I should fucking die,auerbach,4/12/25,,
I should just die,auerbach,4/12/25,,
I wan die,auerbach,4/12/25,1,
i wanna did,auerbach,4/12/25,,1
I want to bleed,reddit,5/5/25,,
I want to did,auerbach,4/12/25,,1
I want to disappear,auerbach,1/24/25,,
i was not alive,reddit,5/5/25,,
I was not fucking alive,reddit,5/5/25,,
I wasn't alive,reddit,5/5/25,,
I wasn't fucking alive,reddit,5/5/25,,
I were dead,auerbach,1/24/25,,
I were ded,auerbach,1/24/25,,1
I were gone,auerbach,1/24/25,,
I weren't fucking alive,reddit,5/5/25,,
I werent alive,reddit,5/5/25,,
I will die,auerbach,1/24/25,,
I will not die,auerbach,1/24/25,,
I won't die,auerbach,4/12/25,,
I'm done with everything,auerbach,4/12/25,,
I'm going to disappear,auerbach,4/12/25,,
i'm gonna disappear,reddit,5/5/25,,
I'm gonna jump,auerbach,4/12/25,,
I'm just gonna disappear,reddit,5/5/25,,
I'm still alive,auerbach,4/12/25,,
id never been born,reddit,5/5/25,,
ideation,auerbach,1/24/25,,
if I had a gun,reddit,5/5/25,,
if I jump,auerbach,4/12/25,,
if i was dead,auerbach,1/24/25,,
if I was ded,auerbach,1/24/25,,1
if I was gone,auerbach,1/24/25,,
if I were dead,auerbach,1/24/25,,
if I were ded,auerbach,1/24/25,,1
if I'm dead,hoyniak_lexicon,4/12/25,,1
if I'm ded,hoyniak_lexicon,4/12/25,,
if u die,auerbach,1/24/25,,
if u jump,auerbach,4/12/25,,
if you die,auerbach,1/24/25,,
if you jump,auerbach,4/12/25,,
ill die today,reddit,5/5/25,1,
ill die tonight,reddit,5/5/25,1,
Im done with everything,auerbach,4/12/25,,
im going to disappear,auerbach,4/12/25,,
im gonna die,auerbach,1/24/25,,
im gonna jump,auerbach,4/12/25,,
im gonna just disappear,reddit,5/5/25,,
im not gonna jump,auerbach,4/12/25,,
im not safe,auerbach,4/12/25,1,
im not safe,auerbach,1/24/25,,
im safe,auerbach,4/12/25,1,
ima die,auerbach,1/24/25,1,1
ima end it,reddit,4/21/25,1,1
ima jump,auerbach,4/12/25,1,1
ima OD,hoyniak_lexicon,4/12/25,1,1
ima overdose,auerbach,1/24/25,1,1
imma die,auerbach,1/24/25,1,1
imma end it,reddit,4/21/25,1,1
imma jump,auerbach,4/12/25,1,1
imma OD,hoyniak_lexicon,4/12/25,1,1
imma overdose,auerbach,1/24/25,1,1
immolat,auerbach,1/24/25,,
in front of a subway,ali_2024,1/24/25,,
in front of a train,ali_2024,1/24/25,,
inflicted death,auerbach,4/12/25,,
into oncoming traffic,reddit,4/30/25,,
into the great unknown,swaminathan_2023,5/11/25,,
jump into the void,auerbach,4/12/25,,
jump into traffic,auerbach,4/12/25,,
jump off,auerbach,4/12/25,,
jump out,auerbach,4/12/25,,
jumped into traffic,auerbach,4/12/25,,
jumped off,auerbach,4/12/25,,
jumped out,auerbach,4/12/25,,
jumping into the void,auerbach,4/12/25,,
jumping into traffic,auerbach,4/12/25,,
jumping off,auerbach,4/12/25,,
jumping out,auerbach,4/12/25,,
jumps off,hoyniak_lexicon,4/12/25,,
jumps out,auerbach,4/12/25,,
jus wan die,auerbach,4/12/25,1,
jus wan hurt myself,auerbach,4/12/25,1,
jus wan OD,auerbach,4/12/25,1,1
just wan  fucking die,reddit,5/5/25,1,
just wan be dead,hoyniak_lexicon,4/12/25,1,
just wan be ded,hoyniak_lexicon,4/12/25,1,
just wan bleed,reddit,5/5/25,1,
just wan die,auerbach,4/12/25,1,
just wanna OD,auerbach,4/12/25,1,1
k m s,auerbach,4/12/25,1,
k ms,hoyniak_lexicon,4/12/25,1,
k_m_s,auerbach,4/12/25,,
k-m-s,auerbach,4/12/25,,
k!ll mys,auerbach,4/12/25,,
k!ll urs,auerbach,4/12/25,,
k!ll!ng mys,auerbach,4/12/25,,
k!ll!ng urs,auerbach,4/12/25,,
k!lling mys,auerbach,4/12/25,,
k.m.s.,auerbach,4/12/25,,
k1ll m,auerbach,1/24/25,,
k1ll1ng m,auerbach,4/12/25,,
k1lling m,auerbach,1/24/25,,
kamikaze,auerbach,4/12/25,,
kaskar,auerbach,4/12/25,,
keep herself safe,auerbach,4/12/25,,
keep himself safe,auerbach,4/12/25,,
keep living,reddit,4/21/25,,
keep myself alive,low_2024,4/12/25,1,
keep myself safe,auerbach,4/12/25,,
keep urself safe,auerbach,4/12/25,,
keep yourself alive,low_2024,4/12/25,1,
keep yourself safe,auerbach,4/12/25,,
keeping herself safe,auerbach,4/12/25,,
keeping himself safe,auerbach,4/12/25,,
keeping living,reddit,4/21/25,,
keeping myself alive,low_2024,4/12/25,1,
keeping myself safe,auerbach,4/12/25,,
keeping urself alive,low_2024,4/12/25,1,
keeping urself safe,auerbach,4/12/25,,
keeping yourself safe,auerbach,4/12/25,,
kermit,auerbach,1/24/25,,
kil m,auerbach,1/24/25,,
kiling mys,auerbach,1/24/25,,
kill her and kill mys,auerbach,4/12/25,,
kill herself,auerbach,1/24/25,,
kill him and kill mys,auerbach,4/12/25,,
kill himself,auerbach,4/12/25,,
kill me,auerbach,1/24/25,,
kill mtself,auerbach,4/12/25,,
kill my fucking self,reddit,5/5/25,,
kill mys,auerbach,1/24/25,,
kill ours,auerbach,4/12/25,,
kill them and kill mys,auerbach,4/12/25,,
kill them sel,auerbach,4/12/25,,
kill thems,auerbach,4/12/25,,
kill u and me,auerbach,4/12/25,,
kill u and mys,auerbach,4/12/25,,
kill urs,auerbach,1/24/25,,
kill you and me,auerbach,4/12/25,,
kill you and mys,auerbach,4/12/25,,
kill your sel,auerbach,1/24/25,,
kill yoursel,auerbach,1/24/25,,
killed herself,ali_2024,1/24/25,,
killed himself,auerbach,1/24/25,,
killed mtself,auerbach,4/12/25,,
killed mys,ali_2024,1/24/25,,
killed ours,ali_2024,1/24/25,,
killed them sel,auerbach,4/12/25,,
killed thems,auerbach,1/24/25,,
killing herself,auerbach,1/24/25,,
killing himself,auerbach,1/24/25,,
killing mtself,auerbach,4/12/25,,
killing mys,auerbach,1/24/25,,
killing ours,auerbach,1/24/25,,
killing them sel,auerbach,4/12/25,,
killing thems,auerbach,1/24/25,,
killing urself,auerbach,1/24/25,,
killing yourself,auerbach,1/24/25,,
kills herself,auerbach,1/24/25,,
kills himself,auerbach,1/24/25,,
kills mys,auerbach,1/24/25,,
kills self,auerbach,1/24/25,,
kills thems,auerbach,1/24/25,,
kll m,ali_2024,1/24/25,,
klling m,ali_2024,1/24/25,,
kllng m,auerbach,4/12/25,,
km s,auerbach,4/12/25,,
kms,ali_2024,1/24/25,,
knife to my throat,auerbach,1/24/25,,
kys,auerbach,1/24/25,,
last day alive,reddit,4/28/25,,
last day of life,reddit,4/28/25,,
last day on earth,reddit,4/28/25,,
lead in my head,reddit,4/21/25,,
lead in the head,auerbach,1/24/25,,
leak society,auerbach,4/12/25,,
leave everything behind,swaminathan_2023,5/11/25,,
left to live for,swaminathan_2023,5/11/25,,
let's die,auerbach,4/12/25,,
lethal,auerbach,1/24/25,,
lets die,auerbach,4/12/25,,
life be over,hoyniak_lexicon,4/12/25,,
life be pointless,auerbach,1/24/25,,
life is hopeless,reddit,4/21/25,,
life is pointless,hoyniak_lexicon,4/12/25,,
life is pointless,reddit,4/21/25,,
life is worthless,reddit,4/21/25,,
life to be over,auerbach,4/12/25,,
lifeline,swaminathan_2023,5/11/25,,
light at the end of the tunnel,reddit,5/5/25,,
light myself on fire,auerbach,1/24/25,,
lit mys,hoyniak_lexicon,4/12/25,1,
live like this any longer,hoyniak_lexicon,4/12/25,,
live like this any more,auerbach,4/15/25,,
live like this anymore,hoyniak_lexicon,4/12/25,,
live to see my 20,reddit,5/5/25,,
live to see my twent,reddit,5/5/25,,
living any longer,reddit,4/21/25,,
living is hopeless,reddit,4/21/25,,
living is pointless,reddit,4/21/25,,
living is worthless,reddit,4/21/25,,
living like this any longer,auerbach,4/15/25,,
living like this any more,auerbach,4/15/25,,
living like this anymore,auerbach,4/15/25,,
log off for good,auerbach,4/12/25,,
log off for good,auerbach,4/12/25,,
log off forever,auerbach,4/12/25,,
logging off for good,auerbach,4/12/25,,
logging off forever,auerbach,4/12/25,,
make a will,hoyniak_lexicon,4/12/25,,
make it look like an accident,hoyniak_lexicon,4/12/25,,
make it to my 20,reddit,4/21/25,,
make it to my twent,reddit,4/21/25,,
making a will,hoyniak_lexicon,4/12/25,,
me alive,auerbach,4/12/25,,
me die,auerbach,4/12/25,,
me dying,hoyniak_lexicon,4/12/25,,
meet the reaper,swaminathan_2023,5/11/25,,
melt into the void,auerbach,4/12/25,,
melting into the void,auerbach,4/12/25,,
method to end it,reddit,4/21/25,,
methods to end it,reddit,4/21/25,,
mobile crisis hotline,moon_2021,5/5/25,,
morbid preoccupation,reddit,4/30/25,,
mso,hoyniak_lexicon,4/12/25,1,
much more of this I can take,reddit,4/21/25,,
murder mys,hoyniak_lexicon,4/12/25,,
murder urself,hoyniak_lexicon,4/12/25,,
murder yourself,hoyniak_lexicon,4/12/25,,
mutilate mys,auerbach,4/12/25,,
my bloody body,reddit,5/5/25,,
my corpse,hoyniak_lexicon,4/12/25,,
my d e a t h,auerbach,4/12/25,,
my d3@th,auerbach,4/12/25,,
my d34th,auerbach,4/12/25,,
my d3ath,auerbach,4/12/25,,
my dead body,hoyniak_lexicon,4/12/25,,
my death,hoyniak_lexicon,4/12/25,,
my dying,hoyniak_lexicon,4/12/25,,
my final act,low_2024,4/12/25,1,1
my fucking life,reddit,5/5/25,1,
my fucking throat,reddit,5/5/25,,
my fucking wrist,reddit,5/5/25,,
my funeral,reddit,4/21/25,,
my head off,hoyniak_lexicon,4/12/25,,
my last breath,swaminathan_2023,5/11/25,,
my life to be over,reddit,4/15/25,,
my lifeless body,hoyniak_lexicon,4/12/25,,
my own death,hoyniak_lexicon,4/12/25,,
my own funeral,reddit,4/21/25,,
my will ,hoyniak_lexicon,4/12/25,,
myself into the void,auerbach,4/12/25,,
need to be dead,auerbach,1/24/25,,
need to be ded,auerbach,1/24/25,,1
need to die,auerbach,4/12/25,,
need to fie,auerbach,4/12/25,,
nerd to die,auerbach,4/12/25,,
nerd to fie,auerbach,4/12/25,,
never asked to be born,reddit,5/5/25,,
never been fucking born,reddit,5/5/25,,
never fucking born,reddit,5/5/25,,
never meant to live,reddit,4/21/25,,
never wake up,hoyniak_lexicon,4/12/25,,
nmk,auerbach,4/12/25,1,
no one will miss me,auerbach,4/12/25,,
no option except dying,reddit,5/5/25,,
nobody will miss me,auerbach,4/12/25,,
noose,auerbach,4/12/25,,
not feeling safe,auerbach,4/12/25,,
not wake up,auerbach,4/12/25,1,
not wanna be alive,hoyniak_lexicon,4/12/25,,
not wanna live,hoyniak_lexicon,4/12/25,,
nothing to live for,swaminathan_2023,5/11/25,,
nuclear on mys,hoyniak_lexicon,4/12/25,,
nuke mys,auerbach,4/12/25,,
nuking mys,auerbach,1/24/25,,
obsession with death,reddit,4/30/25,,
off hersel,reddit,4/21/25,1,
off himsel,reddit,4/21/25,1,
off mys,reddit,4/21/25,1,
off oursel,reddit,4/21/25,1,
off themsel,reddit,4/21/25,1,
off urs,reddit,4/21/25,1,
off yours,reddit,4/21/25,1,
offing hersel,reddit,4/21/25,1,
offing himsel,reddit,4/21/25,1,
offing mys,reddit,4/21/25,1,
offing oursel,reddit,4/21/25,1,
offing themsel,reddit,4/21/25,1,
offing urs,reddit,4/21/25,1,
offing yours,reddit,4/21/25,1,
on the edge,hoyniak_lexicon,4/12/25,,
on the ledge,auerbach,4/12/25,,
once I'm dead,auerbach,4/12/25,,
once I'm ded,auerbach,4/12/25,,1
once I'm gone,hoyniak_lexicon,4/12/25,,
only alive because,reddit,4/21/25,,
only option is death,hoyniak_lexicon,4/12/25,,
only reason keeping me here,reddit,5/5/25,,
only stayed alive ,reddit,4/21/25,,
only staying alive,reddit,4/21/25,,
only still alive,reddit,4/21/25,,
only thing keeping me here,reddit,5/5/25,,
our heads off,hoyniak_lexicon,4/12/25,,
overdose,low_2024,4/12/25,,
painkiller,low_2024,4/12/25,,
painless death,hoyniak_lexicon,4/12/25,,
painless way out,low_2024,4/12/25,,
peaceful death,auerbach,4/12/25,,
perma sleep,hoyniak_lexicon,4/12/25,,
permanent rest,low_2024,1/24/25,,
permanent sleep,auerbach,1/24/25,,
permanent vacation,hoyniak_lexicon,4/12/25,,
pillow therapy,auerbach,4/12/25,,
please be safe,reddit,4/30/25,,
please stay safe,reddit,4/30/25,,
point in going on,reddit,4/21/25,,
point in life,reddit,4/21/25,,
point in living,reddit,4/21/25,,
point in survival,auerbach,4/12/25,,
point in surviving,auerbach,4/12/25,,
point of life,reddit,4/21/25,,
point of living,reddit,4/21/25,,
poisened m,hoyniak_lexicon,4/12/25,,
poison herself,auerbach,4/12/25,,
poison himself,hoyniak_lexicon,4/12/25,,
poison m,auerbach,1/24/25,,
poison thems,hoyniak_lexicon,4/12/25,,
poison ursel,auerbach,1/24/25,,
poison yourself,auerbach,1/24/25,,
poisoned herself,auerbach,1/24/25,,
poisoned himself,auerbach,1/24/25,,
poisoned thems,auerbach,1/24/25,,
poisoned urself,auerbach,1/24/25,,
poisoning herself,auerbach,1/24/25,,
poisoning himself,auerbach,1/24/25,,
poisoning m,auerbach,1/24/25,,
poisoning thems,auerbach,1/24/25,,
poisoning ursel,auerbach,1/24/25,,
poisoning yoursel,auerbach,1/24/25,,
postvention,low_2024,1/24/25,,
prevention hotline,auerbach,1/24/25,,
pull the trigger,reddit,4/15/25,,
pulling the trigger,reddit,4/15/25,,
purpose in life,reddit,4/28/25,,
purpose living,reddit,4/30/25,,
purpose of life,reddit,4/28/25,,
purpose of living,reddit,4/28/25,,
push me over the edge,reddit,4/21/25,,
pushing me over the edge,reddit,4/21/25,,
put myself out of my misery,reddit,4/30/25,,
put urself out of ur misery,reddit,4/30/25,,
put yourself out of your misery,reddit,4/30/25,,
putting myself out of my misery,reddit,4/30/25,,
putting urself out of ur misery,reddit,4/30/25,,
putting yourself out of your misery,reddit,4/30/25,,
quick and easy,auerbach,1/24/25,,
quick and painless,auerbach,1/24/25,,
quick death,reddit,5/5/25,,
ran in front of traffic,auerbach,4/12/25,,
ran into traffic,auerbach,4/12/25,,
reason for me to keep going,reddit,4/15/25,,
reason I stay alive,reddit,4/15/25,,
reason to live,reddit,4/15/25,,
reason to stay alive,reddit,4/15/25,,
reason#13,hoyniak_lexicon,4/12/25,,
reason13,hoyniak_lexicon,4/12/25,,
reasons for me to keep going,reddit,4/15/25,,
reasons to live,reddit,4/15/25,,
reasons to stay alive,reddit,4/15/25,,
ride the comet,auerbach,1/24/25,,
roman bath,hoyniak_lexicon,4/12/25,,
rope around my neck,ali_2024,1/24/25,,
ropemax,hoyniak_lexicon,4/12/25,,
run in front of traffic,auerbach,4/12/25,,
run into traffic,auerbach,4/12/25,,
running in front of traffic,auerbach,4/12/25,,
running into traffic,auerbach,4/12/25,,
s u 1 c 1 d,auerbach,4/12/25,,
s u I c I d ,auerbach,4/12/25,,
s3w3r,hoyniak_lexicon,4/12/25,,
s3wer,hoyniak_lexicon,4/12/25,,
sacrifice herself,hoyniak_lexicon,4/12/25,,
sacrifice himsel,hoyniak_lexicon,4/12/25,,
sacrifice mys,hoyniak_lexicon,4/12/25,,
sacrifice oursel,auerbach,4/12/25,,
sacrifice thems,auerbach,4/12/25,,
sacrifice ursel,auerbach,4/12/25,,
sacrifice yourse,auerbach,4/12/25,,
sacrificed herself,auerbach,4/12/25,,
sacrificed himself,auerbach,4/12/25,,
sacrificed mys,auerbach,4/12/25,,
sacrificed oursel,auerbach,4/12/25,,
sacrificed thems,auerbach,4/12/25,,
sacrificing ursel,auerbach,4/12/25,,
safety plan,low_2024,4/12/25,,
scared of death,auerbach,4/15/25,,
scared of dying,auerbach,4/15/25,,
scared to die,auerbach,4/15/25,,
scu1d13,auerbach,4/12/25,,
scu1d1e,auerbach,4/12/25,,
scu1dal,auerbach,4/12/25,,
scuidal,auerbach,4/12/25,,
scuidie,auerbach,4/12/25,,
secretsociety,auerbach,4/12/25,,
self assasination,auerbach,4/12/25,,
self assisted euthanasia,auerbach,4/12/25,,
self harm,auerbach,4/12/25,,
self injury,auerbach,4/12/25,,
self kill,ali_2024,1/24/25,,
self murder,hoyniak_lexicon,4/12/25,,
self on fire,hoyniak_lexicon,4/12/25,,
self-assasination,hoyniak_lexicon,4/12/25,,
self-assisted euthanasia,auerbach,4/12/25,,
self-harm,hoyniak_lexicon,4/12/25,,
self-injury,auerbach,4/12/25,,
self-murder,hoyniak_lexicon,4/12/25,,
selfharm,hoyniak_lexicon,4/12/25,,
selfkill,hoyniak_lexicon,4/12/25,,
selfmurder,hoyniak_lexicon,4/12/25,,
seppuku,hoyniak_lexicon,4/12/25,,
sew3r,hoyniak_lexicon,4/12/25,,
sewage,ali_2024,1/24/25,,
sewage slid,hoyniak_lexicon,4/12/25,,
sewageslid,auerbach,4/12/25,,
sewer,auerbach,4/12/25,,
sewer cide,auerbach,4/12/25,,
sewer slid,auerbach,1/24/25,,
sewercide,auerbach,4/12/25,,
sewerslid,auerbach,1/24/25,,
shoot hers,auerbach,1/24/25,,
shoot hims,auerbach,1/24/25,,
shoot me,auerbach,1/24/25,,
shoot mtself,auerbach,4/12/25,,
shoot my fucking self,reddit,5/5/25,,
shoot mys,auerbach,1/24/25,,
shoot thems,auerbach,1/24/25,,
shoot urs,auerbach,1/24/25,,
shoot yours,auerbach,1/24/25,,
shooting hers,auerbach,1/24/25,,
shooting hims,ali_2024,1/24/25,,
shooting me,auerbach,1/24/25,,
shooting mtself,auerbach,4/12/25,,
shooting mys,auerbach,1/24/25,,
shooting thems,ali_2024,1/24/25,,
shooting urs,auerbach,4/12/25,,
shooting yours,auerbach,1/24/25,,
shoots mys,auerbach,1/24/25,,
shoots self,auerbach,1/24/25,,
shot hers,auerbach,1/24/25,,
shot hims,auerbach,1/24/25,,
shot mtself,auerbach,4/12/25,,
shot mys,auerbach,1/24/25,,
shot thems,auerbach,4/12/25,,
shot urs,auerbach,1/24/25,,
shot yours,auerbach,1/24/25,,
shotgun candy,auerbach,1/24/25,,
shotgun facial,ali_2024,1/24/25,,
shotgun mouthwash,auerbach,1/24/25,,
shotgun selfie,ali_2024,1/24/25,,
shuic,auerbach,4/12/25,1,
sicide,auerbach,4/12/25,,
siucid,hoyniak_lexicon,4/12/25,,
slash my wrist,low_2024,4/12/25,,
slashing my wrist,low_2024,4/12/25,,
sleep forerever,hoyniak_lexicon,4/12/25,,
sleep forever,reddit,4/21/25,,
sleep permanent,hoyniak_lexicon,4/12/25,,
slice my wrist,low_2024,4/12/25,,
slicing my wrist,low_2024,4/12/25,,
slit his,hoyniak_lexicon,4/12/25,1,
slit my,auerbach,4/12/25,1,
slit their,auerbach,4/12/25,1,
slit town,ali_2024,1/24/25,1,
slit ur,ali_2024,1/24/25,1,
slit your,hoyniak_lexicon,4/12/25,1,
slitting his,auerbach,4/12/25,,
slitting my,auerbach,4/12/25,,
slitting their,auerbach,4/12/25,,
slitting ur,auerbach,4/12/25,,
slitting your,auerbach,4/12/25,,
slowcide,ali_2024,1/24/25,,
so done with everything,auerbach,4/12/25,1,
stab mtsel,auerbach,4/12/25,,
stab mys,low_2024,4/12/25,,
stab urself,auerbach,4/12/25,,
stab yoursel,ali_2024,1/24/25,,
stabbed mys,low_2024,4/12/25,,
stabbing mys,low_2024,4/12/25,,
stabbing self,ali_2024,1/24/25,,
stabs self,hoyniak_lexicon,4/12/25,,
stand these thoughts anymore,reddit,5/5/25,,
stand these thoughts anymore,reddit,5/5/25,,
stay alive,auerbach,4/12/25,,
staying alive,auerbach,4/12/25,,
stop living,low_2024,4/12/25,,
su1c,auerbach,4/12/25,,
su1dal,auerbach,4/12/25,,
su1side,auerbach,4/12/25,,
su1sidle,auerbach,4/12/25,,
suc1,auerbach,4/12/25,,
successful attempt,auerbach,4/12/25,,
sucdal,hoyniak_lexicon,4/12/25,,
sucid,auerbach,1/24/25,,
sucied,auerbach,4/12/25,,
suciid,auerbach,4/12/25,,
suecidal,auerbach,4/12/25,,
suecide,auerbach,4/12/25,,
suffocate herself,auerbach,4/12/25,,
suffocate himself,auerbach,4/12/25,,
suffocate mys,auerbach,4/12/25,,
suffocate thems,auerbach,4/12/25,,
suffocate urs,auerbach,4/12/25,,
suffocate yours,auerbach,4/12/25,,
suffocated herself,auerbach,4/12/25,,
suffocated himself,auerbach,4/12/25,,
suffocated mys,auerbach,4/12/25,,
suffocated thems,auerbach,4/12/25,,
suffocated urs,auerbach,4/12/25,,
suffocated yours,auerbach,4/12/25,,
suffocating herself,auerbach,4/12/25,,
suffocating himself,auerbach,4/12/25,,
suffocating mys,auerbach,4/12/25,,
suffocating thems,auerbach,4/12/25,,
suffocating urs,auerbach,4/12/25,,
suffocating yours,auerbach,4/12/25,,
sui,reddit,4/28/25,1,1
suibait,auerbach,1/24/25,,
suic,auerbach,1/24/25,,
suic1,ali_2024,1/24/25,,
suic1d,ali_2024,1/24/25,,
suic1d3,auerbach,4/12/25,,
suicidle,auerbach,4/12/25,,
suidal,auerbach,4/12/25,,
suidie,auerbach,4/12/25,,
suisci,auerbach,4/12/25,1,
suisidal,auerbach,4/12/25,,
suiside,auerbach,4/12/25,,
suix,hoyniak_lexicon,4/12/25,,
suixidal,auerbach,4/12/25,,
suixide,auerbach,4/12/25,,
summon my persona,auerbach,1/24/25,,
summon ur persona,auerbach,1/24/25,,
summon your persona,auerbach,1/24/25,,
survived an attempt,reddit,4/15/25,,
survived my attempt,reddit,4/21/25,,
surviving an attempt,reddit,4/21/25,,
surviving my attempt,reddit,4/21/25,,
sux1,auerbach,1/24/25,,
suxi,auerbach,1/24/25,,
suxidal,auerbach,4/12/25,,
suxide,auerbach,4/12/25,,
suxiidal,auerbach,4/12/25,,
suxiide,auerbach,4/12/25,,
svv,auerbach,4/12/25,1,1
take a bridge,hoyniak_lexicon,4/12/25,,
take a bullet,auerbach,4/12/25,,
take all of the pills,auerbach,4/12/25,,
take all the pills,auerbach,4/12/25,,
take her life,auerbach,4/12/25,,
take her own life,auerbach,4/12/25,,
take his life,hoyniak_lexicon,4/12/25,,
take his own life,auerbach,4/12/25,,
take my fucking life,reddit,5/5/25,,
take my life,auerbach,4/12/25,,
take my own life,low_2024,4/12/25,,
take the gas pipe,auerbach,4/12/25,,
take the pipe,auerbach,4/12/25,,
take their life,auerbach,4/12/25,,
take their own life,hoyniak_lexicon,4/12/25,,
take their own lives,auerbach,4/12/25,,
take this any fucking longer,reddit,5/5/25,,
take this any fucking more,reddit,5/5/25,,
take ur life,hoyniak_lexicon,4/12/25,,
take ur own life,auerbach,4/12/25,,
take your own life,auerbach,4/12/25,,
takes my life,hoyniak_lexicon,4/12/25,,
taking a bullet,auerbach,4/12/25,,
taking all of the pills,auerbach,4/12/25,,
taking all the pills,auerbach,4/12/25,,
taking her life,auerbach,4/12/25,,
taking her own life,auerbach,4/12/25,,
taking his life,auerbach,4/12/25,,
taking his own life,auerbach,4/12/25,,
taking my fucking life,reddit,5/5/25,,
taking my life,auerbach,4/12/25,,
taking my own life,auerbach,4/12/25,,
taking their lives,auerbach,4/12/25,,
taking their own lives,auerbach,4/12/25,,
taking ur own life,auerbach,4/12/25,,
taking your life,auerbach,4/12/25,,
taking your own life,auerbach,4/12/25,,
text line,reddit,4/30/25,,
textline,reddit,4/30/25,,
thanato,reddit,4/30/25,,
the com,auerbach,4/12/25,,1
the end of my rope,low_2024,4/12/25,,
the good sleep,ali_2024,1/24/25,,
the ultimate price,hoyniak_lexicon,4/12/25,,
their heads off,auerbach,4/12/25,,
think of death,auerbach,4/12/25,,
think of dying,hoyniak_lexicon,4/12/25,,
thinking of death,hoyniak_lexicon,4/12/25,,
thinking of dying,hoyniak_lexicon,4/12/25,,
thinking of sue,auerbach,5/20/25,,
thought of death,auerbach,4/12/25,,
thought of dying,auerbach,4/12/25,,
thoughts of death,auerbach,4/12/25,,
thoughts of dying,auerbach,4/12/25,,
thoughts of sue,auerbach,5/20/25,,
tired of being alive,auerbach,4/12/25,,
tired of fucking life,reddit,5/5/25,,
tired of life,auerbach,4/12/25,,
tired of living,auerbach,4/12/25,,
tired of this life,auerbach,4/12/25,,
tired of this world,auerbach,4/12/25,,
tired of trying any longer,reddit,4/15/25,,
tired of trying any more,reddit,4/15/25,,
tired of trying anymore,reddit,4/15/25,,
tired of trying to go on,reddit,4/15/25,,
to d13,auerbach,4/12/25,,
to d1e,auerbach,4/12/25,,
to die,auerbach,4/12/25,,
to live,auerbach,4/12/25,,
toe on the trigger,auerbach,4/12/25,,
took a bullet,auerbach,4/12/25,,
took all of the pills,auerbach,4/12/25,,
took all the pills,auerbach,4/12/25,,
took her life,auerbach,4/12/25,,
took her own life,auerbach,4/12/25,,
took his life,auerbach,4/12/25,,
took his own life,auerbach,4/12/25,,
took my life,auerbach,4/12/25,,
took my own life,auerbach,4/12/25,,
took their lives,auerbach,4/12/25,,
took their own lives,auerbach,4/12/25,,
took ur life,auerbach,4/12/25,,
took ur own life,auerbach,4/12/25,,
took your life,auerbach,4/12/25,,
took your own life,auerbach,4/12/25,,
top mys,auerbach,4/12/25,1,
top urself,auerbach,4/12/25,1,
top yourself,auerbach,1/24/25,1,
trevor project,auerbach,5/5/25,,
TrevorSpace,auerbach,5/5/25,,
TrevorText,auerbach,5/5/25,,
tried to kill,hoyniak_lexicon,4/12/25,,
tried to km,auerbach,4/12/25,1,
tried to ky,auerbach,4/12/25,1,
tried to OD,auerbach,4/12/25,,1
tried to overdose,hoyniak_lexicon,4/12/25,,
true attempt,reddit,5/5/25,,
try to kill,hoyniak_lexicon,4/12/25,,
try to OD,auerbach,1/24/25,,1
try to overdose,auerbach,4/12/25,,
trying to km,auerbach,4/12/25,1,
trying to ky,auerbach,4/12/25,1,
tryna die,auerbach,4/12/25,,
tryna disappear,auerbach,4/12/25,,
tryna explode,auerbach,4/12/25,,
tryna just die,auerbach,4/12/25,,
tryna OD,auerbach,4/12/25,,1
tryna overdose,auerbach,4/12/25,,
tryna sleep forever,auerbach,4/12/25,,
tryna yeet mys,auerbach,4/12/25,,
u die,hoyniak_lexicon,4/12/25,,
u fie,auerbach,1/24/25,,
u n a l I v e,auerbach,4/12/25,,
u to die,auerbach,4/12/25,,
uicid,hoyniak_lexicon,4/12/25,,
unal1ve,auerbach,4/12/25,,
unalive,ali_2024,1/24/25,,
unsafe,ali_2024,1/24/25,,
ur head off,ali_2024,1/24/25,,
urge to cut,auerbach,4/12/25,,1
urge to die,auerbach,1/24/25,,
urges to cut,auerbach,1/24/25,,1
urges to die,hoyniak_lexicon,4/12/25,,
use a gun,auerbach,4/12/25,,
using a gun,auerbach,4/12/25,,
visions of death,hoyniak_lexicon,4/12/25,,
visions of dying,hoyniak_lexicon,4/12/25,,
wan be alive,hoyniak_lexicon,4/12/25,1,
wan be fucking alive,reddit,5/5/25,1,
wan be fucking dead,reddit,5/5/25,1,
wan be here anymore,auerbach,4/12/25,1,
wan fuckin die,reddit,5/5/25,1,
wan fucking be alive,auerbach,4/12/25,1,
wan fucking be dead,reddit,5/5/25,1,
wan go on anymore,hoyniak_lexicon,4/12/25,1,
wan hurt mys,auerbach,4/12/25,1,
wan hurt ursel,auerbach,4/12/25,1,
wan hurt yoursel,auerbach,4/12/25,1,
wan jump,auerbach,4/12/25,1,
wan just be dead,reddit,5/5/25,1,
wan just be gone,reddit,5/5/25,1,
wan just die,reddit,4/15/25,1,
wan just disappear,reddit,5/5/25,1,
wan just end it,reddit,5/5/25,1,
wanan fucking die,reddit,5/5/25,,
wanna be alive,hoyniak_lexicon,4/12/25,,
wanna be dead,hoyniak_lexicon,4/12/25,,
wanna be ded,hoyniak_lexicon,4/12/25,,1
wanna be fucking alive,reddit,5/5/25,,
wanna be fucking dead,reddit,5/5/25,,
wanna be here anymore,auerbach,4/12/25,,
wanna bleed,reddit,5/5/25,,
wanna die,auerbach,4/12/25,,
wanna disappear,auerbach,4/12/25,,
wanna due,auerbach,4/12/25,,1
wanna fade away,auerbach,4/12/25,,
wanna fie,hoyniak_lexicon,4/12/25,,1
wanna fuckin die,reddit,5/5/25,1,
wanna fucking be alive,reddit,5/5/25,,
wanna fucking be dead,reddit,5/5/25,,
wanna go on anymore,hoyniak_lexicon,4/12/25,,
wanna hurt mys,auerbach,4/12/25,,
wanna hurt ursel,auerbach,4/12/25,,
wanna hurt yoursel,auerbach,4/12/25,,
wanna jump,auerbach,4/12/25,,
wanna just be dead,reddit,5/5/25,,
wanna just be gone,reddit,5/5/25,,
wanna just die,reddit,4/15/25,,
wanna just disappear,reddit,5/5/25,,
wanna just end it,reddit,5/5/25,,
wanna km,auerbach,4/12/25,1,
wanna ky,auerbach,4/12/25,1,
wanna leave this world,reddit,4/21/25,,
wanna leave this world,reddit,4/21/25,1,
wanna never wake,hoyniak_lexicon,4/12/25,,
wanna never wake,hoyniak_lexicon,4/12/25,1,
wanna not wake,auerbach,4/12/25,,
wanna OD,auerbach,4/12/25,,1
wanna overdose,hoyniak_lexicon,4/12/25,,
wanna survive,auerbach,4/12/25,,
wanna wake ,auerbach,4/12/25,,
wannadie,auerbach,4/12/25,,
wannakillmys,auerbach,4/12/25,,
wannakms,auerbach,4/12/25,,
wannashootmys,auerbach,4/12/25,,
want death,auerbach,4/12/25,,
want it all to end,low_2024,4/12/25,,
want it all to stop,reddit,4/21/25,,
want this all to end,swaminathan_2023,5/11/25,,
want to be alive,low_2024,4/12/25,,
want to be dead,low_2024,4/12/25,,
want to be ded,auerbach,4/12/25,,1
want to be fucking alive,reddit,5/5/25,,
want to be here anymore,hoyniak_lexicon,4/12/25,,
want to die,hoyniak_lexicon,4/12/25,,
want to fade away,auerbach,4/12/25,,
want to fie,auerbach,1/24/25,,
want to fucking be alive,reddit,5/5/25,,
want to fucking die,reddit,5/5/25,,
want to go on anymore,hoyniak_lexicon,4/12/25,,
want to hurt mys,auerbach,4/12/25,,
want to hurt ursel,auerbach,4/12/25,,
want to hurt yoursel,auerbach,4/12/25,,
want to jump,auerbach,4/12/25,,
want to just be dead,reddit,5/5/25,,
want to just be gone,reddit,5/5/25,,
want to just die,reddit,4/15/25,,
want to just disappear,reddit,5/5/25,,
want to just end it,reddit,5/5/25,,
want to km,auerbach,4/12/25,1,
want to ky,auerbach,4/12/25,1,
want to leave this world,reddit,4/21/25,,
want to not wake,hoyniak_lexicon,4/12/25,,
want to OD,auerbach,1/24/25,,1
want to overdose,auerbach,4/12/25,,
want to survive,auerbach,4/12/25,,
want to wake,hoyniak_lexicon,4/12/25,,
wanted it all to end,auerbach,4/12/25,,
wanting to die,auerbach,4/12/25,,
wants to die,hoyniak_lexicon,4/12/25,,
wanttodie,auerbach,4/12/25,,
wanttokillmys,auerbach,4/12/25,,
wanttokms,auerbach,4/12/25,,
wanttoshootmys,auerbach,4/12/25,,
we're still alive,auerbach,4/12/25,,
werther effect,low_2024,4/12/25,,
when I'm dead,hoyniak_lexicon,4/12/25,,
when I'm ded,hoyniak_lexicon,4/12/25,,1
when I'm gone,auerbach,1/24/25,,
when you die,hoyniak_lexicon,4/12/25,,
when you fie,hoyniak_lexicon,4/12/25,,
why am I still alive,hoyniak_lexicon,4/12/25,,
will it kill u to,auerbach,4/12/25,,
will it kill you to,auerbach,4/12/25,,
will u die by,auerbach,4/12/25,,
will you die by,auerbach,4/12/25,,
will you die from,auerbach,4/12/25,,
will you die if,auerbach,4/12/25,,
wish I could disappear,low_2024,4/12/25,1,
wish I could fucking disappear,auerbach,4/12/25,1,
wish I could just disappear,auerbach,4/12/25,1,
wish I was never born,hoyniak_lexicon,4/12/25,,
wish it would all end,hoyniak_lexicon,4/12/25,,
wishing it would all end,hoyniak_lexicon,4/12/25,,
worth living,hoyniak_lexicon,4/12/25,,
would have ended it already,reddit,5/5/25,,
write my will,hoyniak_lexicon,4/12/25,,
writing a will,auerbach,4/12/25,,
writing my will,auerbach,4/12/25,,
wrote a will,hoyniak_lexicon,4/12/25,,
wrote my will,hoyniak_lexicon,4/12/25,,
yeet into the voide,auerbach,4/12/25,,
yeet mys,auerbach,4/12/25,,
yeet off a building,auerbach,4/12/25,,
yeet off a cliff,auerbach,4/12/25,,
yeet out a window,auerbach,4/12/25,,
yeet urself,auerbach,4/12/25,,
you to die,hoyniak_lexicon,4/12/25,,
you to fie,hoyniak_lexicon,4/12/25,,
your head off,hoyniak_lexicon,4/12/25,,